id,claim,question,claim_answer,evidence_answer,answer_note
1,TCF7L2 has a genetic role in type 2 diabetes across multiple populations.,Does TCF7L2 have a genetic role in type 2 diabetes across multiple populations?,Yes,,
2,TCF7L2 is the most potent human genetic locus for type 2 diabetes (T2D) risk.,Is TCF7L2 the most potent human genetic locus for type 2 diabetes risk?,Yes,,
3,"In cohort studies (Finnish Diabetes Prevention Study, 2007; French Epidemiological Study on the Insulin Resistance Syndrome, 2011), TCF7L2 risk variants predicted T2D onset.",Did cohort studies find TCF7L2 risk variants predicted type 2 diabetes onset?,Yes,,
4,The association of TCF7L2 with T2D has been consistently replicated.,Has the association of TCF7L2 with type 2 diabetes been consistently replicated?,Yes,,
5,TCF7L2 is a downstream effector of canonical Wnt/β-catenin signaling.,Is TCF7L2 a downstream effector of canonical Wnt/β-catenin signaling?,Yes,,
6,"In cohort studies (Finnish Diabetes Prevention Study, 2007; French Epidemiological Study on the Insulin Resistance Syndrome, 2011), TCF7L2 risk variants were associated with impaired glucose regulation.",Were TCF7L2 risk variants associated with impaired glucose regulation in those cohort studies?,Yes,,
7,A meta-analysis reported that TCF7L2 variants act under a multiplicative genetic model.,Did a meta-analysis report that TCF7L2 variants act under a multiplicative genetic model?,Yes,,
8,TCF7L2 regulates adipogenesis.,Does TCF7L2 regulate adipogenesis?,Yes,,
9,"In the French Epidemiological Study on the Insulin Resistance Syndrome cohort, TCF7L2 variants were associated with faster reduction of pancreatic β‑cell function.",Were TCF7L2 variants associated with faster pancreatic β-cell function decline in the French cohort?,Yes,,
10,A meta-analysis reported that TCF7L2 variants are involved in nearly one-fifth of T2D cases.,Did a meta-analysis report that TCF7L2 variants are involved in nearly one-fifth of type 2 diabetes cases?,Yes,,
11,TCF7L2 acts as a central transcriptional regulator of adipocyte metabolic programs.,Does TCF7L2 act as a central transcriptional regulator of adipocyte metabolic programs?,Yes,,
12,"In the French Epidemiological Study on the Insulin Resistance Syndrome cohort, TCF7L2 variants were associated with decreased insulin secretion.",Were TCF7L2 variants associated with decreased insulin secretion in the French cohort?,Yes,,
13,TCF7L2 risk variants were associated with impaired glucose regulation.,Were TCF7L2 risk variants associated with impaired glucose regulation?,Yes,,
14,TCF7L2 acts as a central transcriptional regulator of hepatic metabolic programs.,Does TCF7L2 act as a central transcriptional regulator of hepatic metabolic programs?,Yes,,
15,"In the French Epidemiological Study on the Insulin Resistance Syndrome cohort, TCF7L2 variants were associated with increased glycemia.",Were TCF7L2 variants associated with increased glycemia in the French cohort?,Yes,,
16,TCF7L2 risk variants were associated with reduced insulin secretion.,Were TCF7L2 risk variants associated with reduced insulin secretion?,Yes,,
17,TCF7L2 acts as a central transcriptional regulator of pancreatic islet metabolic programs.,Does TCF7L2 act as a central transcriptional regulator of pancreatic islet metabolic programs?,Yes,,
18,TCF7L2 variants are consistently associated with T2D across multiple populations with diverse genetic origins.,Are TCF7L2 variants consistently associated with type 2 diabetes across diverse populations?,Yes,,
19,TCF7L2 risk variants were associated with a more rapid decline in pancreatic β‑cell function.,Were TCF7L2 risk variants associated with a more rapid decline in pancreatic beta-cell function?,Yes,,
20,Adipocyte-specific TCF7L2 loss in mice alters triglyceride handling.,Does adipocyte-specific TCF7L2 loss in mice alter triglyceride handling?,Yes,,
21,A meta-analysis indicated that TCF7L2 variants act under a multiplicative genetic model.,Did a meta-analysis indicate TCF7L2 variants act under a multiplicative genetic model?,Yes,,
22,"In human cohort studies, TCF7L2 risk variants predicted T2D onset.","In human cohort studies, did TCF7L2 risk variants predict type 2 diabetes onset?",Yes,,
23,The molecular effects of common noncoding TCF7L2 variants (notably rs7903146 and rs12255372) and adipocyte-specific TCF7L2 loss lead to glucose intolerance.,"Do common noncoding TCF7L2 variants (rs7903146, rs12255372) and adipocyte-specific TCF7L2 loss lead to glucose intolerance?",Yes,,
24,A meta-analysis suggested that TCF7L2 is involved in nearly one‑fifth of T2D cases.,Did a meta-analysis suggest TCF7L2 is involved in nearly one-fifth of T2D cases?,Yes,,
25,"In human cohort studies, TCF7L2 risk variants indicated familial genetic predisposition to developing impaired glycemia over time.","In human cohort studies, did TCF7L2 risk variants indicate familial predisposition to impaired glycemia over time?",Yes,,
26,The relevance of ethnic differences in TCF7L2 variant effects remains to be determined.,Is the relevance of ethnic differences in TCF7L2 variant effects still to be determined?,Yes,,
27,The role of TCF7L2 variants in complex regulatory functions has been little explored.,Has the role of TCF7L2 variants in complex regulatory functions been little explored?,Yes,,
28,Resequencing TCF7L2 in diverse ethnic groups can identify common and rare variants.,Can resequencing TCF7L2 in diverse ethnic groups identify common and rare variants?,Yes,,
29,Developing therapies that modulate TCF7L2 expression was proposed as a potential means to treat T2D patients carrying a TCF7L2 risk allele.,Was developing therapies that modulate TCF7L2 expression proposed to treat T2D patients with a TCF7L2 risk allele?,Yes,,
30,The role of TCF7L2 variants in complex regulatory functions is little explored and requires further study.,Is the role of TCF7L2 variants in complex regulatory functions little explored?,Yes,,
31,Developing therapies that modulate TCF7L2 expression may provide opportunities to treat T2D patients carrying TCF7L2 risk alleles.,Could therapies modulating TCF7L2 expression provide treatment opportunities for T2D patients with risk alleles?,Yes,,
